distance_km,traffic,weather,vehicle,hour,delivery_time,expected_time,delayed
39,Low,Rain,Bike,22,97,88,1
29,Low,Clear,Bike,19,79,68,1
15,High,Storm,Van,19,95,40,1
43,Medium,Rain,Truck,11,115,96,1
8,High,Storm,Van,12,65,26,1
21,High,Rain,Van,1,72,52,1
39,Medium,Clear,Van,20,89,88,1
19,Low,Rain,Bike,23,55,48,1
23,Low,Rain,Van,22,56,56,0
11,High,Clear,Van,15,44,32,1
11,Low,Clear,Bike,22,23,32,0
24,High,Storm,Truck,5,97,58,1
36,High,Storm,Truck,18,135,82,1
40,Medium,Clear,Van,20,96,90,1
24,Medium,Clear,Bike,12,62,58,1
3,Medium,Clear,Truck,16,23,16,1
22,High,Rain,Van,22,77,54,1
2,Medium,Rain,Van,8,44,14,1
24,Low,Rain,Bike,16,61,58,1
44,Low,Clear,Van,1,89,98,0
30,High,Storm,Truck,18,120,70,1
38,High,Clear,Bike,18,111,86,1
2,Medium,Rain,Truck,23,31,14,1
21,High,Rain,Truck,6,75,52,1
33,High,Clear,Truck,21,90,76,1
12,Low,Clear,Van,9,46,34,1
22,Low,Rain,Van,9,75,54,1
44,Medium,Rain,Truck,19,130,98,1
25,High,Rain,Truck,8,102,60,1
49,High,Clear,Bike,16,123,108,1
27,Low,Rain,Bike,14,73,64,1
42,High,Rain,Van,1,115,94,1
28,Low,Storm,Van,3,86,66,1
16,Medium,Clear,Bike,18,57,42,1
15,Low,Storm,Truck,16,55,40,1
47,High,Storm,Van,4,141,104,1
44,Medium,Rain,Truck,6,110,98,1
3,Low,Clear,Bike,17,25,16,1
37,Low,Rain,Van,20,84,84,0
7,Medium,Clear,Van,21,33,24,1
21,Medium,Storm,Bike,6,82,52,1
9,Low,Clear,Van,16,24,28,0
39,High,Rain,Bike,6,117,88,1
18,Low,Rain,Van,3,48,46,1
4,Medium,Rain,Bike,7,46,18,1
25,Low,Clear,Van,12,59,60,0
14,Medium,Storm,Truck,3,72,38,1
9,Medium,Storm,Truck,5,62,28,1
26,High,Clear,Truck,4,81,62,1
2,Medium,Rain,Van,11,33,14,1
20,Medium,Storm,Van,3,77,50,1
28,High,Rain,Truck,23,86,66,1
47,Medium,Clear,Truck,8,126,104,1
7,High,Rain,Bike,3,53,24,1
44,High,Storm,Bike,18,157,98,1
8,Medium,Storm,Bike,23,52,26,1
47,Medium,Rain,Truck,13,114,104,1
35,Low,Clear,Truck,4,77,80,0
14,High,Rain,Truck,17,79,38,1
17,Low,Clear,Bike,9,55,44,1
36,Medium,Rain,Van,18,110,82,1
40,Low,Storm,Truck,11,113,90,1
4,High,Clear,Van,17,48,18,1
2,Low,Clear,Van,16,5,14,0
6,High,Clear,Van,23,32,22,1
42,Medium,Storm,Bike,10,119,94,1
4,Medium,Rain,Van,2,36,18,1
29,High,Storm,Truck,22,106,68,1
18,Medium,Clear,Bike,16,50,46,1
26,Medium,Rain,Truck,0,74,62,1
44,Medium,Storm,Truck,14,126,98,1
34,Medium,Clear,Bike,8,100,78,1
10,High,Clear,Truck,14,43,30,1
36,Low,Storm,Truck,23,105,82,1
14,Low,Storm,Bike,2,61,38,1
31,Medium,Storm,Truck,21,102,72,1
48,Low,Clear,Van,18,112,106,1
15,Low,Storm,Truck,12,64,40,1
8,Medium,Clear,Van,11,32,26,1
14,Medium,Storm,Truck,19,86,38,1
23,Low,Clear,Bike,0,51,56,0
40,High,Clear,Bike,20,102,90,1
21,Medium,Rain,Truck,16,68,52,1
16,High,Storm,Bike,12,81,42,1
45,Low,Storm,Truck,0,115,100,1
18,Medium,Clear,Bike,9,63,46,1
47,High,Clear,Van,14,118,104,1
24,Medium,Clear,Truck,6,64,58,1
26,Low,Rain,Van,21,64,62,1
25,High,Rain,Van,17,100,60,1
45,Low,Clear,Truck,15,94,100,0
41,Low,Storm,Van,13,107,92,1
29,Medium,Storm,Truck,17,117,68,1
15,High,Rain,Van,6,65,40,1
45,Low,Rain,Truck,16,107,100,1
1,Low,Clear,Truck,17,17,12,1
25,High,Storm,Bike,11,96,60,1
7,Low,Clear,Truck,7,32,24,1
9,Low,Rain,Truck,21,29,28,1
24,High,Storm,Van,1,101,58,1
1,High,Storm,Truck,6,56,12,1
44,High,Rain,Bike,3,125,98,1
8,High,Clear,Van,17,58,26,1
24,Medium,Clear,Van,5,61,58,1
11,High,Storm,Bike,8,86,32,1
17,Medium,Rain,Van,8,72,44,1
8,Medium,Storm,Van,13,59,26,1
35,Medium,Rain,Van,7,106,80,1
35,Low,Clear,Van,18,92,80,1
33,Medium,Rain,Bike,2,87,76,1
5,Medium,Clear,Bike,17,35,20,1
42,Low,Rain,Van,4,103,94,1
39,Low,Storm,Van,13,105,88,1
41,Low,Clear,Bike,3,90,92,0
28,High,Storm,Bike,6,103,66,1
7,Low,Storm,Bike,19,62,24,1
9,Low,Clear,Van,11,24,28,0
8,Medium,Clear,Van,1,35,26,1
12,Low,Storm,Truck,10,49,34,1
34,High,Storm,Bike,13,122,78,1
33,Low,Storm,Van,21,95,76,1
48,High,Storm,Bike,22,149,106,1
23,Low,Clear,Van,15,48,56,0
24,Low,Clear,Bike,19,71,58,1
37,Low,Storm,Van,5,103,84,1
35,Low,Rain,Truck,22,88,80,1
44,High,Rain,Truck,3,127,98,1
40,High,Clear,Bike,14,105,90,1
22,Medium,Storm,Van,23,87,54,1
27,High,Storm,Van,0,105,64,1
35,Low,Clear,Bike,6,76,80,0
1,Medium,Rain,Van,11,29,12,1
35,Medium,Rain,Bike,9,111,80,1
37,Medium,Rain,Van,4,102,84,1
47,Low,Clear,Bike,11,102,104,0
14,High,Rain,Van,17,78,38,1
3,Low,Clear,Bike,9,27,16,1
1,Medium,Clear,Van,5,13,12,1
5,Low,Storm,Truck,11,43,20,1
26,Low,Rain,Van,6,62,62,0
14,High,Clear,Bike,17,63,38,1
39,High,Rain,Truck,1,110,88,1
27,Medium,Rain,Van,9,94,64,1
9,Low,Storm,Truck,14,47,28,1
15,Low,Rain,Van,11,41,40,1
15,High,Storm,Truck,16,83,40,1
26,Low,Clear,Bike,3,61,62,0
42,Low,Rain,Van,6,97,94,1
13,Low,Clear,Van,8,44,36,1
32,High,Rain,Bike,18,113,74,1
39,Medium,Clear,Truck,22,95,88,1
49,Medium,Rain,Bike,6,127,108,1
32,Low,Rain,Bike,22,77,74,1
4,Medium,Rain,Truck,1,32,18,1
30,High,Rain,Bike,5,93,70,1
37,High,Rain,Van,17,124,84,1
23,Medium,Rain,Van,5,68,56,1
39,Medium,Rain,Van,12,105,88,1
45,Low,Rain,Bike,18,120,100,1
15,Medium,Rain,Van,1,59,40,1
43,Low,Clear,Van,11,90,96,0
29,Low,Storm,Van,14,84,68,1
36,High,Rain,Van,13,111,82,1
13,High,Storm,Van,5,80,36,1
32,High,Rain,Van,17,115,74,1
7,High,Rain,Bike,4,45,24,1
22,Medium,Clear,Van,17,69,54,1
28,High,Clear,Van,2,82,66,1
2,Medium,Storm,Truck,2,43,14,1
42,High,Clear,Bike,21,104,94,1
45,Medium,Clear,Bike,21,103,100,1
6,Low,Storm,Bike,9,55,22,1
28,Medium,Clear,Bike,18,90,66,1
28,Medium,Rain,Van,2,82,66,1
44,High,Storm,Van,11,141,98,1
44,Medium,Storm,Truck,15,124,98,1
20,Low,Rain,Truck,16,50,50,0
30,Low,Clear,Bike,6,61,70,0
11,High,Storm,Truck,12,73,32,1
28,Low,Storm,Truck,23,90,66,1
25,Medium,Rain,Bike,1,75,60,1
39,Low,Rain,Bike,3,91,88,1
33,High,Clear,Truck,9,101,76,1
1,Medium,Storm,Van,6,37,12,1
27,High,Clear,Truck,23,78,64,1
13,Medium,Clear,Truck,16,36,36,0
41,Low,Rain,Van,19,113,92,1
3,High,Storm,Van,5,51,16,1
39,High,Storm,Bike,18,138,88,1
6,Medium,Storm,Bike,4,48,22,1
8,High,Rain,Truck,9,70,26,1
27,Medium,Rain,Van,8,91,64,1
9,Medium,Rain,Bike,12,38,28,1
37,Medium,Rain,Truck,18,117,84,1
33,Medium,Rain,Van,20,95,76,1
42,Low,Storm,Truck,23,116,94,1
44,Medium,Clear,Bike,5,102,98,1
24,High,Storm,Bike,3,94,58,1
15,Low,Clear,Van,23,34,40,0
32,High,Rain,Truck,2,99,74,1
32,Low,Clear,Van,2,64,74,0
24,Medium,Storm,Bike,3,86,58,1
41,Low,Storm,Bike,4,115,92,1
49,Low,Clear,Truck,7,114,108,1
49,High,Rain,Truck,15,132,108,1
12,High,Rain,Truck,21,54,34,1
39,Medium,Storm,Van,2,116,88,1
2,Low,Clear,Truck,23,7,14,0
3,Low,Rain,Truck,11,21,16,1
49,Low,Rain,Bike,7,132,108,1
37,Medium,Storm,Bike,12,117,84,1
49,Medium,Rain,Truck,3,120,108,1
17,Medium,Clear,Truck,13,52,44,1
49,Medium,Storm,Bike,13,138,108,1
2,Medium,Storm,Truck,12,45,14,1
2,High,Clear,Van,5,33,14,1
28,Low,Storm,Van,16,82,66,1
23,Low,Rain,Van,3,65,56,1
37,Low,Rain,Truck,7,104,84,1
32,Low,Clear,Bike,16,69,74,0
33,Low,Rain,Truck,2,77,76,1
1,Low,Clear,Truck,16,3,12,0
19,Low,Clear,Bike,8,54,48,1
2,Low,Rain,Bike,1,23,14,1
44,High,Clear,Bike,12,108,98,1
26,Low,Rain,Van,19,81,62,1
32,High,Storm,Truck,1,116,74,1
6,Medium,Storm,Bike,19,63,22,1
32,Low,Clear,Truck,10,68,74,0
4,Medium,Rain,Van,21,35,18,1
11,Medium,Rain,Van,14,51,32,1
17,Medium,Storm,Bike,10,73,44,1
38,High,Storm,Bike,22,122,86,1
24,Medium,Rain,Truck,2,70,58,1
5,Medium,Clear,Bike,2,25,20,1
34,Medium,Storm,Truck,11,107,78,1
6,Low,Clear,Bike,23,15,22,0
22,Low,Clear,Truck,4,47,54,0
11,High,Storm,Truck,19,86,32,1
48,High,Clear,Truck,6,117,106,1
16,Low,Clear,Truck,6,40,42,0
33,High,Rain,Van,12,97,76,1
9,Low,Clear,Truck,8,42,28,1
6,Medium,Rain,Bike,20,33,22,1
16,Medium,Storm,Van,12,76,42,1
29,High,Storm,Van,11,111,68,1
3,Low,Rain,Truck,12,18,16,1
20,Low,Storm,Van,23,74,50,1
36,High,Clear,Truck,9,113,82,1
19,Low,Clear,Bike,0,41,48,0
26,Medium,Clear,Truck,7,82,62,1
3,High,Storm,Van,21,54,16,1
19,High,Clear,Bike,15,67,48,1
20,Low,Storm,Truck,12,71,50,1
32,High,Clear,Bike,2,84,74,1
7,Low,Rain,Bike,2,26,24,1
41,Low,Storm,Van,23,109,92,1
33,Low,Storm,Bike,4,91,76,1
40,Low,Clear,Van,10,85,90,0
39,Low,Storm,Bike,6,111,88,1
18,High,Storm,Truck,20,88,46,1
40,Medium,Rain,Bike,23,106,90,1
1,Medium,Rain,Truck,9,46,12,1
11,High,Clear,Truck,9,64,32,1
28,High,Rain,Bike,19,106,66,1
25,Medium,Clear,Truck,1,68,60,1
23,Medium,Clear,Bike,2,58,56,1
31,Medium,Clear,Bike,7,96,72,1
30,Medium,Storm,Truck,10,104,70,1
42,Medium,Rain,Truck,12,112,94,1
35,Low,Clear,Van,6,73,80,0
7,High,Rain,Truck,12,50,24,1
16,Low,Clear,Van,1,40,42,0
26,Medium,Rain,Truck,5,73,62,1
48,Medium,Rain,Bike,8,132,106,1
49,Medium,Clear,Truck,19,131,108,1
2,Low,Storm,Bike,1,31,14,1
1,Low,Rain,Bike,17,35,12,1
48,Medium,Storm,Bike,15,135,106,1
12,Low,Storm,Van,11,54,34,1
5,Low,Clear,Truck,6,11,20,0
37,Medium,Clear,Bike,6,91,84,1
32,Low,Clear,Bike,16,72,74,0
9,High,Rain,Van,12,49,28,1
41,High,Clear,Truck,10,107,92,1
35,High,Clear,Truck,5,95,80,1
19,High,Rain,Van,22,75,48,1
48,Medium,Rain,Van,13,125,106,1
16,Medium,Clear,Truck,5,46,42,1
3,Medium,Clear,Van,5,24,16,1
20,High,Clear,Truck,1,60,50,1
24,High,Clear,Truck,21,76,58,1
33,Low,Storm,Bike,19,115,76,1
24,Low,Storm,Bike,14,79,58,1
11,High,Clear,Truck,16,45,32,1
49,High,Storm,Truck,7,160,108,1
8,High,Rain,Truck,4,55,26,1
36,High,Storm,Truck,16,122,82,1
38,Low,Storm,Truck,19,116,86,1
40,High,Clear,Truck,0,102,90,1
20,Low,Storm,Van,21,66,50,1
35,High,Storm,Truck,17,138,80,1
48,High,Storm,Van,14,143,106,1
25,High,Storm,Van,4,96,60,1
35,Low,Rain,Truck,6,83,80,1
25,Low,Clear,Truck,17,66,60,1
29,Medium,Clear,Van,5,68,68,0
18,High,Rain,Van,21,71,46,1
46,Medium,Storm,Truck,20,136,102,1
18,Medium,Rain,Truck,4,63,46,1
2,Low,Storm,Van,18,53,14,1
35,Low,Rain,Van,9,104,80,1
16,Medium,Clear,Van,14,43,42,1
41,High,Clear,Bike,9,125,92,1
36,Low,Clear,Van,15,74,82,0
33,High,Storm,Bike,11,118,76,1
4,High,Storm,Truck,17,75,18,1
33,Medium,Rain,Truck,22,88,76,1
14,Medium,Rain,Van,0,50,38,1
21,Medium,Clear,Truck,15,57,52,1
48,Medium,Storm,Truck,21,131,106,1
20,Low,Rain,Truck,5,53,50,1
8,Low,Storm,Truck,2,41,26,1
7,Medium,Storm,Bike,1,51,24,1
3,Low,Clear,Bike,1,14,16,0
17,Medium,Clear,Van,12,48,44,1
33,High,Storm,Van,8,130,76,1
48,High,Storm,Van,15,144,106,1
12,High,Storm,Truck,4,71,34,1
22,Medium,Storm,Truck,22,83,54,1
22,High,Clear,Bike,20,67,54,1
46,Low,Rain,Bike,6,109,102,1
30,High,Clear,Van,12,83,70,1
38,High,Rain,Bike,19,128,86,1
38,High,Storm,Bike,23,126,86,1
45,Low,Rain,Bike,12,104,100,1
8,Medium,Clear,Bike,6,29,26,1
27,Low,Clear,Bike,9,72,64,1
27,Medium,Storm,Van,14,92,64,1
34,Medium,Clear,Van,20,86,78,1
21,High,Storm,Bike,5,90,52,1
30,Medium,Clear,Van,4,78,70,1
33,Low,Clear,Truck,22,75,76,0
28,Low,Storm,Bike,1,86,66,1
47,Medium,Rain,Truck,20,123,104,1
33,High,Clear,Van,14,92,76,1
5,High,Rain,Van,15,49,20,1
48,Low,Clear,Truck,18,113,106,1
19,High,Clear,Van,8,80,48,1
4,Medium,Clear,Bike,21,20,18,1
35,Medium,Clear,Truck,18,95,80,1
49,Low,Rain,Bike,6,117,108,1
17,Medium,Rain,Truck,3,58,44,1
44,Low,Clear,Van,2,89,98,0
28,Medium,Clear,Truck,23,75,66,1
30,Low,Rain,Truck,19,90,70,1
29,High,Storm,Bike,10,112,68,1
46,Medium,Storm,Van,0,135,102,1
6,Medium,Rain,Bike,5,32,22,1
35,Low,Clear,Van,10,73,80,0
41,Low,Clear,Bike,0,82,92,0
37,Medium,Storm,Truck,20,109,84,1
24,Low,Storm,Bike,6,80,58,1
29,Medium,Rain,Van,5,79,68,1
49,High,Storm,Van,13,143,108,1
46,Low,Rain,Truck,1,109,102,1
31,Medium,Storm,Van,3,100,72,1
35,High,Storm,Bike,10,117,80,1
33,High,Storm,Truck,14,114,76,1
21,Medium,Clear,Van,17,71,52,1
32,Low,Clear,Van,0,64,74,0
23,Medium,Clear,Bike,2,56,56,0
33,High,Storm,Bike,2,113,76,1
3,Medium,Rain,Truck,6,31,16,1
18,Low,Rain,Van,0,46,46,0
25,High,Rain,Bike,10,81,60,1
42,Medium,Rain,Truck,5,110,94,1
31,Low,Clear,Van,19,77,72,1
3,High,Clear,Van,2,32,16,1
40,Low,Storm,Truck,18,123,90,1
46,High,Storm,Truck,1,146,102,1
24,Medium,Rain,Bike,17,88,58,1
32,Low,Clear,Van,11,71,74,0
47,High,Rain,Van,9,147,104,1
22,Low,Storm,Van,4,74,54,1
23,Low,Storm,Truck,8,94,56,1
2,Medium,Rain,Bike,1,27,14,1
27,Low,Storm,Van,1,84,64,1
42,High,Rain,Truck,5,121,94,1
2,High,Clear,Van,9,47,14,1
26,High,Rain,Bike,17,99,62,1
17,High,Clear,Van,11,55,44,1
40,Medium,Clear,Bike,3,95,90,1
33,Low,Storm,Bike,21,94,76,1
9,Medium,Storm,Van,20,53,28,1
43,Low,Storm,Van,16,118,96,1
48,Low,Rain,Bike,14,114,106,1
39,Low,Rain,Truck,5,96,88,1
29,Medium,Storm,Bike,15,94,68,1
42,Low,Rain,Van,16,102,94,1
26,Medium,Storm,Van,2,93,62,1
35,High,Rain,Truck,9,119,80,1
25,High,Clear,Bike,4,76,60,1
24,Low,Clear,Bike,13,56,58,0
13,Medium,Storm,Bike,20,68,36,1
7,High,Rain,Van,12,49,24,1
36,Medium,Rain,Bike,5,95,82,1
45,Medium,Clear,Truck,11,100,100,0
20,Low,Clear,Van,7,60,50,1
1,High,Storm,Van,4,49,12,1
8,Low,Clear,Bike,14,21,26,0
46,Low,Storm,Truck,15,122,102,1
16,High,Clear,Van,0,55,42,1
14,High,Clear,Van,15,49,38,1
12,Medium,Rain,Bike,4,52,34,1
23,High,Clear,Bike,2,67,56,1
15,Medium,Clear,Truck,19,57,40,1
28,Medium,Storm,Bike,14,100,66,1
34,Medium,Clear,Truck,12,78,78,0
2,High,Storm,Van,23,55,14,1
32,Low,Clear,Truck,15,64,74,0
23,Medium,Clear,Truck,22,64,56,1
22,Low,Storm,Truck,10,69,54,1
25,Low,Rain,Van,20,64,60,1
22,High,Storm,Bike,1,95,54,1
22,Low,Storm,Van,21,71,54,1
49,Low,Storm,Bike,5,131,108,1
42,High,Rain,Truck,5,121,94,1
6,Medium,Clear,Truck,13,24,22,1
15,Low,Storm,Truck,10,59,40,1
43,High,Storm,Truck,7,152,96,1
37,Low,Rain,Truck,7,102,84,1
33,Low,Storm,Bike,0,95,76,1
8,Medium,Clear,Bike,20,28,26,1
44,Low,Rain,Truck,6,106,98,1
44,High,Clear,Van,5,117,98,1
5,Low,Clear,Van,20,18,20,0
39,Medium,Rain,Truck,7,119,88,1
4,Medium,Storm,Bike,18,67,18,1
6,High,Clear,Van,21,33,22,1
45,Medium,Clear,Van,20,106,100,1
32,Low,Clear,Van,23,70,74,0
30,Medium,Clear,Truck,19,89,70,1
47,High,Rain,Van,7,147,104,1
35,Medium,Rain,Van,13,92,80,1
40,Medium,Clear,Van,17,108,90,1
16,Medium,Storm,Van,15,67,42,1
13,High,Clear,Bike,8,66,36,1
42,Medium,Storm,Truck,14,122,94,1
30,Medium,Clear,Truck,9,85,70,1
19,Low,Storm,Bike,21,64,48,1
17,High,Clear,Bike,15,56,44,1
19,Medium,Storm,Truck,3,81,48,1
28,High,Clear,Van,19,98,66,1
26,Medium,Clear,Van,12,68,62,1
37,Medium,Storm,Truck,21,112,84,1
26,Medium,Rain,Van,4,72,62,1
23,Low,Storm,Bike,21,78,56,1
9,Low,Rain,Van,6,31,28,1
12,Low,Clear,Van,22,26,34,0
1,High,Storm,Van,8,70,12,1
1,High,Storm,Truck,7,71,12,1
47,Low,Storm,Bike,15,122,104,1
34,High,Rain,Van,5,101,78,1
32,Medium,Rain,Truck,15,92,74,1
48,Medium,Clear,Van,5,107,106,1
25,Medium,Rain,Bike,13,74,60,1
40,Low,Rain,Van,20,93,90,1
45,High,Clear,Bike,0,118,100,1
1,Low,Storm,Van,8,46,12,1
16,High,Storm,Bike,23,85,42,1
39,Medium,Clear,Van,12,96,88,1
5,Low,Storm,Bike,18,51,20,1
22,High,Rain,Van,16,82,54,1
29,High,Clear,Van,10,80,68,1
3,Medium,Clear,Truck,7,34,16,1
12,Low,Clear,Truck,22,24,34,0
26,Low,Storm,Bike,4,77,62,1
16,Low,Clear,Van,9,47,42,1
37,Medium,Clear,Bike,6,92,84,1
22,Low,Clear,Truck,9,66,54,1
29,Medium,Storm,Bike,3,97,68,1
14,Medium,Rain,Bike,8,67,38,1
28,Medium,Clear,Truck,13,74,66,1
5,High,Rain,Van,1,42,20,1
47,Low,Storm,Bike,8,136,104,1
49,Low,Storm,Truck,20,129,108,1
30,Medium,Storm,Van,0,103,70,1
46,Medium,Storm,Truck,22,132,102,1
5,Low,Rain,Bike,9,36,20,1
12,Medium,Clear,Van,9,49,34,1
16,Low,Storm,Van,19,73,42,1
26,High,Storm,Truck,21,97,62,1
26,Medium,Rain,Truck,2,81,62,1
48,Low,Rain,Truck,5,115,106,1
21,Medium,Storm,Van,5,85,52,1
39,Low,Clear,Van,20,87,88,0
36,Low,Clear,Bike,1,79,82,0
33,Medium,Storm,Van,17,122,76,1
30,High,Rain,Bike,22,92,70,1
37,Low,Storm,Truck,1,106,84,1
23,Low,Storm,Truck,11,72,56,1
10,Low,Rain,Van,21,31,30,1
5,High,Storm,Truck,4,64,20,1
36,High,Storm,Truck,19,134,82,1
34,Medium,Storm,Van,6,109,78,1
31,High,Rain,Bike,23,92,72,1
10,Medium,Clear,Van,15,37,30,1
19,Medium,Clear,Bike,19,69,48,1
32,High,Rain,Van,0,97,74,1
1,Medium,Clear,Van,0,16,12,1
5,High,Storm,Truck,16,64,20,1
45,Medium,Clear,Van,0,100,100,0
4,High,Storm,Van,20,56,18,1
16,High,Clear,Bike,19,67,42,1
24,Medium,Rain,Truck,12,68,58,1
16,Low,Clear,Bike,8,56,42,1
2,Medium,Clear,Bike,14,14,14,0
49,High,Clear,Truck,2,124,108,1
28,Low,Rain,Truck,13,72,66,1
32,Medium,Clear,Truck,22,77,74,1
27,Medium,Rain,Van,10,75,64,1
20,Medium,Storm,Truck,23,77,50,1
24,Low,Clear,Truck,21,55,58,0
12,High,Rain,Truck,11,61,34,1
35,Medium,Rain,Bike,12,95,80,1
33,Medium,Clear,Bike,12,85,76,1
33,Medium,Storm,Van,0,109,76,1
43,Medium,Rain,Bike,23,114,96,1
37,Medium,Clear,Van,9,102,84,1
12,High,Storm,Bike,2,69,34,1
3,High,Rain,Truck,23,36,16,1
1,Medium,Rain,Bike,3,31,12,1
33,Low,Storm,Van,15,95,76,1
40,High,Storm,Bike,7,141,90,1
10,Low,Clear,Truck,15,25,30,0
43,High,Clear,Van,16,112,96,1
44,Medium,Rain,Truck,18,123,98,1
29,High,Storm,Truck,21,108,68,1
13,Medium,Storm,Van,14,68,36,1
12,High,Storm,Truck,15,73,34,1
31,Medium,Rain,Truck,14,88,72,1
46,Medium,Storm,Bike,1,136,102,1
2,Medium,Storm,Truck,10,44,14,1
35,Medium,Rain,Truck,0,93,80,1
23,Low,Clear,Truck,14,52,56,0
17,Medium,Clear,Truck,18,68,44,1
26,Low,Rain,Van,3,70,62,1
8,Low,Storm,Bike,10,50,26,1
29,Medium,Rain,Truck,4,87,68,1
26,Low,Clear,Truck,2,58,62,0
10,High,Clear,Van,12,44,30,1
26,Medium,Rain,Truck,9,93,62,1
34,Low,Rain,Van,10,80,78,1
41,Medium,Clear,Bike,17,108,92,1
7,Medium,Rain,Bike,1,38,24,1
4,Medium,Clear,Truck,6,21,18,1
45,Low,Rain,Truck,8,119,100,1
11,High,Rain,Truck,9,74,32,1
29,High,Rain,Van,17,106,68,1
36,Low,Clear,Truck,22,80,82,0
25,Medium,Rain,Truck,6,76,60,1
21,Low,Clear,Bike,6,51,52,0
36,Low,Clear,Truck,2,78,82,0
10,Low,Rain,Bike,11,37,30,1
37,Medium,Rain,Truck,6,99,84,1
9,Low,Clear,Bike,16,25,28,0
24,Medium,Clear,Truck,0,60,58,1
35,Low,Storm,Bike,4,104,80,1
49,High,Clear,Van,15,127,108,1
35,Low,Storm,Bike,14,95,80,1
48,Low,Storm,Bike,1,126,106,1
36,High,Storm,Bike,8,132,82,1
18,Medium,Rain,Truck,6,64,46,1
49,Medium,Rain,Truck,3,119,108,1
39,Low,Clear,Truck,19,94,88,1
32,High,Storm,Van,17,130,74,1
24,Medium,Rain,Van,20,69,58,1
23,Low,Rain,Bike,3,65,56,1
32,High,Rain,Van,12,101,74,1
37,Medium,Rain,Bike,0,99,84,1
12,Medium,Rain,Bike,23,50,34,1
49,High,Storm,Bike,2,149,108,1
13,High,Storm,Van,15,76,36,1
23,High,Storm,Truck,21,100,56,1
25,High,Storm,Van,3,103,60,1
35,Low,Clear,Bike,22,78,80,0
41,High,Storm,Bike,15,133,92,1
30,Medium,Rain,Van,18,103,70,1
17,Medium,Storm,Bike,0,78,44,1
49,Low,Clear,Bike,4,100,108,0
20,Medium,Rain,Van,18,77,50,1
48,Medium,Storm,Van,21,131,106,1
25,High,Storm,Van,23,99,60,1
22,Medium,Storm,Bike,10,82,54,1
13,Low,Rain,Bike,12,37,36,1
19,High,Rain,Truck,19,91,48,1
49,High,Clear,Truck,4,120,108,1
36,Low,Rain,Van,20,89,82,1
12,High,Rain,Truck,3,59,34,1
41,High,Storm,Bike,3,131,92,1
19,Low,Rain,Truck,3,48,48,0
12,High,Storm,Bike,3,72,34,1
9,Low,Storm,Van,19,60,28,1
7,Low,Rain,Van,20,24,24,0
28,Medium,Clear,Bike,17,85,66,1
14,Medium,Clear,Truck,17,58,38,1
31,High,Rain,Van,15,93,72,1
19,High,Clear,Van,8,75,48,1
47,Low,Storm,Truck,17,139,104,1
16,High,Storm,Truck,21,80,42,1
5,Low,Rain,Bike,1,28,20,1
35,Low,Clear,Truck,20,74,80,0
12,High,Clear,Truck,3,47,34,1
25,Low,Storm,Truck,11,76,60,1
21,Medium,Rain,Bike,6,67,52,1
36,High,Clear,Bike,14,101,82,1
23,Medium,Rain,Van,6,67,56,1
16,High,Clear,Bike,21,58,42,1
39,Low,Storm,Van,20,105,88,1
45,High,Storm,Truck,16,143,100,1
42,Medium,Rain,Van,15,108,94,1
39,Low,Storm,Van,18,125,88,1
14,High,Clear,Truck,8,68,38,1
31,High,Storm,Van,13,116,72,1
5,High,Rain,Bike,16,47,20,1
35,Medium,Rain,Bike,4,92,80,1
23,Medium,Rain,Bike,1,68,56,1
29,High,Clear,Bike,19,97,68,1
43,Low,Clear,Van,15,95,96,0
11,Low,Clear,Van,13,24,32,0
18,Medium,Clear,Truck,13,53,46,1
47,Low,Clear,Van,0,103,104,0
12,Medium,Storm,Van,2,66,34,1
9,High,Clear,Van,6,39,28,1
10,Medium,Clear,Truck,14,33,30,1
44,Medium,Storm,Bike,18,147,98,1
17,High,Clear,Van,19,69,44,1
38,Low,Rain,Truck,1,89,86,1
7,Medium,Clear,Truck,18,42,24,1
46,Medium,Clear,Truck,8,126,102,1
13,High,Rain,Bike,18,79,36,1
40,Low,Rain,Van,4,92,90,1
42,Medium,Rain,Truck,17,120,94,1
9,High,Rain,Bike,15,56,28,1
27,Medium,Clear,Truck,3,72,64,1
2,High,Rain,Truck,11,34,14,1
5,Low,Rain,Truck,6,25,20,1
29,Low,Storm,Truck,13,92,68,1
37,Low,Rain,Truck,22,91,84,1
38,Low,Rain,Bike,11,88,86,1
19,Medium,Storm,Van,2,81,48,1
8,Medium,Storm,Van,4,52,26,1
48,Low,Clear,Van,16,101,106,0
45,Low,Storm,Van,9,130,100,1
1,Low,Clear,Bike,9,23,12,1
22,Medium,Storm,Bike,10,81,54,1
17,Low,Storm,Bike,16,65,44,1
7,Low,Clear,Truck,4,17,24,0
25,Low,Storm,Truck,12,83,60,1
45,High,Clear,Truck,9,129,100,1
4,Low,Storm,Van,8,50,18,1
36,High,Rain,Truck,16,109,82,1
6,High,Storm,Van,0,62,22,1
31,Low,Clear,Truck,3,63,72,0
19,High,Storm,Van,3,85,48,1
44,Low,Clear,Truck,17,110,98,1
39,Medium,Clear,Truck,8,112,88,1
27,Medium,Rain,Bike,17,95,64,1
10,Medium,Rain,Truck,13,49,30,1
26,Medium,Clear,Truck,14,67,62,1
19,High,Storm,Bike,5,83,48,1
39,Low,Clear,Van,23,86,88,0
3,Low,Clear,Bike,9,23,16,1
45,Low,Storm,Bike,14,119,100,1
13,Medium,Storm,Van,3,67,36,1
28,Medium,Storm,Truck,17,112,66,1
20,Low,Storm,Van,17,82,50,1
28,Medium,Clear,Truck,16,69,66,1
8,Low,Clear,Truck,11,25,26,0
41,Low,Rain,Van,6,98,92,1
39,Low,Clear,Bike,15,85,88,0
1,Low,Storm,Van,10,28,12,1
3,Low,Rain,Truck,13,24,16,1
13,Low,Storm,Van,2,57,36,1
28,Low,Clear,Van,18,78,66,1
49,Medium,Rain,Truck,17,138,108,1
25,Low,Storm,Bike,9,95,60,1
33,Low,Rain,Van,5,84,76,1
38,Medium,Rain,Truck,12,99,86,1
6,Medium,Clear,Truck,9,41,22,1
44,Medium,Storm,Van,17,146,98,1
45,Low,Rain,Bike,19,115,100,1
32,High,Rain,Van,15,97,74,1
45,High,Storm,Bike,5,141,100,1
47,Medium,Rain,Bike,12,122,104,1
21,High,Rain,Bike,3,81,52,1
16,Medium,Rain,Bike,22,57,42,1
21,Low,Storm,Van,13,74,52,1
11,High,Storm,Truck,0,75,32,1
37,Low,Storm,Truck,19,123,84,1
36,High,Storm,Truck,4,120,82,1
35,Low,Clear,Truck,7,85,80,1
19,High,Rain,Truck,11,75,48,1
20,Low,Storm,Truck,1,66,50,1
18,Low,Rain,Van,11,46,46,0
47,High,Rain,Bike,4,130,104,1
41,Low,Clear,Truck,21,91,92,0
49,Low,Storm,Van,4,131,108,1
14,Low,Storm,Truck,12,61,38,1
15,High,Rain,Truck,8,77,40,1
31,High,Storm,Bike,9,127,72,1
1,Low,Rain,Bike,0,18,12,1
3,Low,Rain,Bike,2,25,16,1
16,High,Clear,Truck,17,75,42,1
23,High,Clear,Truck,11,67,56,1
11,Low,Clear,Truck,2,29,32,0
12,Low,Rain,Bike,8,55,34,1
10,Low,Storm,Van,1,48,30,1
32,Medium,Clear,Truck,2,75,74,1
16,High,Storm,Truck,13,84,42,1
8,Medium,Clear,Truck,3,30,26,1
38,High,Clear,Van,18,116,86,1
12,High,Rain,Truck,12,60,34,1
24,High,Clear,Van,6,77,58,1
28,High,Clear,Truck,11,76,66,1
8,High,Rain,Van,2,53,26,1
28,High,Storm,Truck,22,104,66,1
36,High,Clear,Bike,22,100,82,1
26,Medium,Rain,Bike,8,87,62,1
8,Low,Clear,Bike,1,17,26,0
28,Low,Rain,Bike,21,71,66,1
28,Medium,Storm,Truck,8,115,66,1
37,Medium,Storm,Bike,11,109,84,1
41,Medium,Rain,Van,11,105,92,1
36,Medium,Rain,Bike,14,99,82,1
27,High,Rain,Bike,1,93,64,1
17,Low,Storm,Bike,17,78,44,1
9,High,Clear,Truck,12,46,28,1
33,Low,Storm,Bike,13,96,76,1
20,Low,Rain,Van,4,50,50,0
13,Medium,Rain,Bike,9,66,36,1
28,High,Storm,Bike,11,106,66,1
48,Medium,Rain,Bike,9,136,106,1
29,High,Storm,Van,23,110,68,1
13,Low,Rain,Bike,10,41,36,1
46,Medium,Clear,Van,1,106,102,1
35,Medium,Clear,Van,4,81,80,1
6,Low,Rain,Bike,6,25,22,1
18,Low,Storm,Van,5,70,46,1
5,Low,Clear,Truck,21,14,20,0
47,Medium,Storm,Bike,22,138,104,1
25,High,Rain,Bike,2,83,60,1
2,Medium,Storm,Van,12,40,14,1
10,High,Clear,Van,2,46,30,1
30,Medium,Storm,Bike,23,104,70,1
45,Medium,Storm,Truck,20,134,100,1
5,Low,Rain,Van,5,21,20,1
33,High,Rain,Van,10,96,76,1
1,Medium,Rain,Truck,16,26,12,1
18,Medium,Clear,Truck,9,61,46,1
32,Low,Clear,Bike,11,64,74,0
47,Low,Rain,Truck,16,104,104,0
49,High,Rain,Bike,3,133,108,1
11,Medium,Clear,Truck,1,40,32,1
21,High,Clear,Van,10,71,52,1
26,Medium,Clear,Bike,6,62,62,0
25,High,Clear,Bike,1,74,60,1
22,Low,Rain,Bike,17,77,54,1
27,Medium,Clear,Truck,20,72,64,1
49,High,Rain,Van,3,128,108,1
13,Low,Storm,Bike,7,73,36,1
33,Low,Storm,Bike,19,106,76,1
34,High,Clear,Bike,13,95,78,1
41,Medium,Storm,Bike,11,117,92,1
35,Medium,Storm,Van,21,109,80,1
1,Low,Storm,Truck,20,34,12,1
21,Medium,Clear,Van,17,72,52,1
48,Medium,Clear,Bike,10,114,106,1
6,Medium,Storm,Van,7,62,22,1
28,Low,Rain,Bike,1,74,66,1
17,High,Storm,Truck,14,79,44,1
5,Medium,Clear,Truck,8,44,20,1
31,Low,Clear,Truck,18,86,72,1
5,Low,Clear,Bike,19,27,20,1
38,High,Storm,Van,7,136,86,1
3,Medium,Rain,Truck,18,43,16,1
23,Medium,Clear,Bike,4,57,56,1
37,High,Clear,Bike,10,95,84,1
37,High,Storm,Van,14,127,84,1
10,Low,Rain,Truck,7,52,30,1
10,Low,Storm,Bike,18,60,30,1
19,High,Clear,Van,22,61,48,1
17,Medium,Rain,Truck,7,69,44,1
21,Low,Rain,Van,18,67,52,1
14,Low,Clear,Van,17,46,38,1
9,Medium,Rain,Bike,9,54,28,1
46,Low,Rain,Bike,6,104,102,1
1,Medium,Storm,Bike,8,60,12,1
45,Medium,Clear,Van,0,101,100,1
13,Medium,Clear,Bike,18,54,36,1
4,High,Clear,Van,4,28,18,1
1,High,Clear,Van,18,38,12,1
49,High,Clear,Bike,0,122,108,1
40,Medium,Rain,Truck,14,109,90,1
32,Medium,Storm,Truck,15,99,74,1
34,High,Clear,Truck,22,94,78,1
28,Low,Storm,Van,6,84,66,1
31,Medium,Storm,Van,11,102,72,1
8,Low,Rain,Van,7,48,26,1
39,Low,Clear,Bike,4,83,88,0
26,Medium,Rain,Van,9,88,62,1
34,Medium,Clear,Bike,20,78,78,0
3,Low,Rain,Bike,4,23,16,1
12,Low,Storm,Truck,16,56,34,1
1,High,Clear,Truck,4,30,12,1
44,High,Storm,Truck,21,138,98,1
5,Medium,Storm,Bike,14,45,20,1
30,High,Rain,Bike,12,98,70,1
30,High,Clear,Bike,0,82,70,1
17,High,Storm,Van,10,84,44,1
48,High,Rain,Bike,22,135,106,1
47,Low,Clear,Truck,0,103,104,0
23,Medium,Clear,Truck,10,64,56,1
15,High,Storm,Bike,17,92,40,1
37,Low,Clear,Bike,17,93,84,1
21,Low,Storm,Truck,20,71,52,1
14,Low,Clear,Bike,15,37,38,0
2,High,Rain,Truck,12,40,14,1
11,High,Storm,Van,6,70,32,1
39,Medium,Storm,Truck,0,116,88,1
38,High,Clear,Van,15,102,86,1
34,High,Clear,Bike,0,96,78,1
38,Low,Storm,Bike,16,104,86,1
34,Medium,Clear,Van,5,81,78,1
18,High,Rain,Bike,1,71,46,1
30,High,Clear,Van,16,85,70,1
15,Low,Rain,Bike,5,46,40,1
27,Low,Rain,Truck,13,64,64,0
34,High,Rain,Bike,17,115,78,1
38,Medium,Rain,Truck,5,104,86,1
33,Medium,Rain,Truck,9,106,76,1
24,Low,Clear,Van,23,53,58,0
15,Low,Rain,Bike,17,59,40,1
30,High,Clear,Van,8,97,70,1
42,Low,Rain,Bike,7,113,94,1
17,High,Storm,Truck,9,94,44,1
5,Medium,Rain,Truck,16,32,20,1
29,Medium,Storm,Bike,22,96,68,1
4,High,Rain,Bike,5,42,18,1
10,Low,Rain,Van,13,39,30,1
17,Medium,Rain,Bike,21,62,44,1
10,Low,Storm,Bike,21,48,30,1
17,Medium,Storm,Bike,5,71,44,1
20,High,Rain,Van,6,79,50,1
24,High,Clear,Bike,11,68,58,1
5,High,Rain,Truck,2,49,20,1
34,Medium,Storm,Van,13,108,78,1
6,Low,Rain,Van,21,28,22,1
2,Low,Storm,Truck,18,53,14,1
13,Low,Storm,Truck,22,58,36,1
43,Medium,Storm,Truck,15,121,96,1
43,Medium,Rain,Bike,6,109,96,1
48,Medium,Storm,Truck,7,150,106,1
11,Medium,Storm,Bike,17,73,32,1
47,Medium,Rain,Van,12,114,104,1
23,Low,Storm,Van,20,78,56,1
16,Medium,Rain,Truck,8,72,42,1
31,Medium,Storm,Bike,9,116,72,1
11,Low,Clear,Truck,20,30,32,0
16,Medium,Clear,Truck,22,43,42,1
8,Low,Storm,Bike,8,65,26,1
4,Low,Clear,Truck,14,15,18,0
40,High,Rain,Van,19,134,90,1
4,High,Clear,Truck,1,36,18,1
25,High,Storm,Bike,12,95,60,1
3,High,Storm,Bike,1,57,16,1
32,Medium,Rain,Van,18,106,74,1
3,High,Storm,Bike,1,53,16,1
27,Low,Rain,Bike,2,67,64,1
29,Medium,Clear,Van,5,70,68,1
32,High,Clear,Truck,2,90,74,1
19,Low,Rain,Van,9,71,48,1
21,Medium,Rain,Truck,23,64,52,1
5,Medium,Storm,Van,5,50,20,1
18,High,Clear,Truck,22,63,46,1
28,Medium,Rain,Van,15,81,66,1
42,Low,Clear,Truck,16,85,94,0
22,Medium,Rain,Van,18,85,54,1
21,Low,Clear,Truck,2,43,52,0
6,Medium,Storm,Van,17,63,22,1
1,High,Clear,Bike,6,23,12,1
5,Low,Clear,Truck,8,25,20,1
41,Medium,Clear,Van,19,107,92,1
12,Medium,Clear,Truck,11,40,34,1
26,Medium,Clear,Truck,4,66,62,1
46,Low,Storm,Van,2,119,102,1
34,Low,Rain,Truck,10,78,78,0
49,Low,Clear,Van,3,107,108,0
14,High,Storm,Bike,4,78,38,1
26,High,Clear,Truck,0,72,62,1
45,Low,Clear,Bike,17,113,100,1
27,Medium,Rain,Truck,11,75,64,1
9,High,Clear,Truck,12,38,28,1
26,Low,Storm,Truck,8,98,62,1
47,Medium,Storm,Van,1,134,104,1
22,High,Rain,Bike,4,79,54,1
47,Medium,Clear,Truck,12,108,104,1
30,Medium,Storm,Van,15,98,70,1
43,Medium,Clear,Truck,15,99,96,1
48,Medium,Clear,Van,23,108,106,1
17,High,Clear,Truck,2,63,44,1
26,High,Rain,Bike,21,89,62,1
36,High,Clear,Bike,3,98,82,1
1,Low,Storm,Truck,10,35,12,1
8,High,Clear,Van,22,36,26,1
49,Medium,Storm,Truck,13,139,108,1
35,High,Clear,Van,2,99,80,1
15,Medium,Storm,Truck,15,68,40,1
47,Low,Storm,Van,21,125,104,1
22,Medium,Clear,Bike,14,54,54,0
14,Medium,Clear,Truck,9,57,38,1
26,Medium,Storm,Bike,8,104,62,1
28,Low,Rain,Bike,10,70,66,1
23,High,Clear,Truck,15,69,56,1
14,High,Rain,Truck,9,74,38,1
24,Low,Clear,Van,16,51,58,0
2,Medium,Clear,Van,18,31,14,1
45,High,Clear,Bike,1,110,100,1
26,Low,Clear,Van,23,61,62,0
14,High,Rain,Van,22,65,38,1
7,Low,Clear,Truck,1,18,24,0
3,Medium,Storm,Van,5,44,16,1
47,High,Storm,Bike,18,163,104,1
23,Low,Rain,Van,7,75,56,1
46,High,Clear,Bike,2,115,102,1
43,High,Storm,Truck,13,133,96,1
47,High,Rain,Bike,15,128,104,1
45,High,Clear,Van,0,113,100,1
18,Low,Storm,Truck,20,61,46,1
38,Medium,Storm,Van,2,113,86,1
35,Low,Rain,Truck,21,89,80,1
15,Low,Clear,Truck,17,54,40,1
25,Low,Clear,Van,8,72,60,1
37,Medium,Storm,Van,5,115,84,1
28,High,Storm,Truck,22,102,66,1
10,High,Storm,Truck,20,65,30,1
39,High,Clear,Van,0,100,88,1
17,Medium,Rain,Bike,20,58,44,1
39,High,Rain,Van,9,132,88,1
22,Medium,Clear,Truck,5,54,54,0
26,High,Rain,Van,22,84,62,1
44,High,Storm,Bike,11,135,98,1
25,Low,Rain,Van,3,64,60,1
17,Medium,Rain,Truck,12,56,44,1
13,Low,Rain,Van,16,44,36,1
20,Low,Storm,Truck,7,80,50,1
25,Low,Clear,Truck,19,68,60,1
4,Medium,Storm,Van,2,52,18,1
10,Medium,Clear,Truck,11,39,30,1
3,High,Clear,Truck,6,29,16,1
41,Low,Clear,Bike,11,82,92,0
45,High,Rain,Bike,1,121,100,1
18,Low,Rain,Bike,23,46,46,0
47,Medium,Clear,Bike,13,109,104,1
36,Medium,Clear,Truck,21,84,82,1
47,Medium,Rain,Van,22,120,104,1
22,Low,Storm,Truck,4,73,54,1
34,Medium,Clear,Truck,8,101,78,1
47,Low,Storm,Truck,20,125,104,1
8,High,Rain,Van,10,49,26,1
40,Low,Clear,Bike,4,84,90,0
49,High,Storm,Truck,2,147,108,1
44,Low,Storm,Truck,16,117,98,1
19,High,Storm,Bike,1,92,48,1
42,Medium,Rain,Truck,23,112,94,1
41,High,Rain,Van,0,121,92,1
37,Medium,Storm,Truck,6,111,84,1
6,Medium,Storm,Truck,13,52,22,1
26,High,Rain,Bike,4,89,62,1
34,Low,Storm,Truck,18,116,78,1
45,Low,Storm,Truck,10,121,100,1
6,Low,Rain,Van,22,24,22,1
37,Low,Storm,Bike,1,99,84,1
33,Low,Storm,Bike,7,109,76,1
22,Medium,Storm,Van,8,99,54,1
21,Low,Rain,Truck,2,54,52,1
6,Medium,Storm,Bike,1,47,22,1
6,Medium,Rain,Bike,6,37,22,1
48,Medium,Rain,Truck,4,116,106,1
4,High,Clear,Truck,20,36,18,1
30,High,Clear,Bike,4,80,70,1
11,Medium,Storm,Truck,19,77,32,1
30,High,Rain,Bike,12,90,70,1
31,Low,Clear,Truck,20,68,72,0
24,Low,Storm,Truck,19,90,58,1
9,Medium,Clear,Van,5,33,28,1
3,Low,Clear,Truck,19,27,16,1
31,Medium,Rain,Van,17,97,72,1
40,Medium,Rain,Truck,1,100,90,1
37,Low,Clear,Bike,5,78,84,0
36,High,Clear,Bike,8,112,82,1
24,Low,Rain,Truck,2,66,58,1
31,Low,Storm,Truck,0,87,72,1
6,Medium,Rain,Bike,0,35,22,1
2,Medium,Clear,Truck,18,38,14,1
20,Medium,Storm,Van,4,82,50,1
28,Medium,Clear,Van,12,75,66,1
11,High,Storm,Van,18,90,32,1
4,High,Clear,Van,11,30,18,1
15,High,Storm,Van,15,76,40,1
6,Medium,Storm,Truck,18,65,22,1
49,Medium,Clear,Truck,2,109,108,1
30,Medium,Storm,Van,11,95,70,1
38,High,Rain,Truck,4,108,86,1
2,Medium,Clear,Truck,1,20,14,1
15,Low,Rain,Van,21,40,40,0
11,Low,Clear,Truck,6,23,32,0
8,Medium,Storm,Truck,12,51,26,1
26,Low,Storm,Truck,14,84,62,1
45,Low,Storm,Van,21,119,100,1
44,High,Clear,Truck,2,115,98,1
5,Medium,Rain,Bike,20,32,20,1
6,Medium,Rain,Bike,19,53,22,1
26,High,Clear,Van,4,79,62,1
4,Low,Clear,Bike,23,13,18,0
19,Low,Rain,Van,7,69,48,1
20,Medium,Rain,Bike,21,61,50,1
33,Low,Rain,Bike,0,83,76,1
20,High,Rain,Bike,7,89,50,1
49,High,Clear,Van,23,124,108,1
12,Medium,Clear,Van,17,49,34,1
47,High,Storm,Truck,19,158,104,1
1,High,Rain,Van,15,32,12,1
26,Medium,Storm,Bike,17,109,62,1
14,High,Clear,Bike,19,66,38,1
38,High,Clear,Van,11,99,86,1
37,High,Storm,Van,12,120,84,1
11,Low,Rain,Van,12,36,32,1
36,Medium,Rain,Truck,9,107,82,1
13,Medium,Rain,Bike,6,54,36,1
43,Medium,Rain,Truck,13,110,96,1
3,Low,Storm,Truck,23,36,16,1
33,Low,Storm,Bike,15,92,76,1
6,Medium,Clear,Bike,14,31,22,1
10,Low,Rain,Van,11,39,30,1
5,Medium,Rain,Van,8,45,20,1
23,Low,Rain,Truck,7,74,56,1
10,High,Storm,Van,17,86,30,1
44,High,Rain,Van,22,123,98,1
2,Medium,Storm,Bike,17,63,14,1
13,Low,Rain,Bike,12,36,36,0
40,Low,Rain,Van,17,105,90,1
2,High,Clear,Bike,14,31,14,1
20,High,Rain,Van,3,73,50,1
1,Low,Rain,Bike,16,16,12,1
37,Low,Clear,Bike,4,80,84,0
9,Low,Storm,Bike,21,50,28,1
17,Low,Storm,Bike,15,68,44,1
9,Low,Rain,Van,8,49,28,1
11,Low,Storm,Truck,9,63,32,1
15,Medium,Rain,Bike,23,53,40,1
24,Low,Clear,Van,17,72,58,1
38,High,Clear,Van,16,96,86,1
35,Medium,Rain,Bike,17,114,80,1
30,Low,Clear,Truck,6,68,70,0
31,High,Clear,Bike,3,84,72,1
49,Medium,Rain,Van,4,120,108,1
5,High,Rain,Truck,22,49,20,1
44,Low,Clear,Van,15,96,98,0
14,Low,Storm,Bike,2,62,38,1
11,Low,Storm,Truck,17,64,32,1
9,Low,Rain,Van,22,35,28,1
34,Medium,Rain,Van,20,89,78,1
12,Medium,Storm,Van,13,61,34,1
35,High,Clear,Bike,14,91,80,1
35,Low,Storm,Truck,16,95,80,1
1,High,Storm,Bike,0,48,12,1
40,Medium,Storm,Bike,20,122,90,1
22,Low,Storm,Bike,16,77,54,1
29,Low,Rain,Truck,22,69,68,1
8,Medium,Rain,Bike,10,42,26,1
11,Medium,Clear,Bike,16,36,32,1
41,Medium,Clear,Bike,13,94,92,1
37,Medium,Clear,Bike,19,107,84,1
14,Medium,Clear,Van,18,58,38,1
30,Low,Storm,Bike,20,85,70,1
35,Medium,Rain,Van,6,94,80,1
21,Low,Rain,Bike,23,58,52,1
37,Low,Clear,Truck,12,77,84,0
5,Medium,Clear,Van,17,42,20,1
19,Medium,Storm,Van,22,82,48,1
14,Low,Storm,Van,13,57,38,1
26,Medium,Clear,Van,0,70,62,1
4,Medium,Rain,Truck,6,36,18,1
25,Medium,Rain,Bike,7,93,60,1
45,High,Rain,Van,17,135,100,1
42,Low,Clear,Truck,8,100,94,1
25,High,Rain,Van,0,82,60,1
18,Medium,Storm,Bike,21,74,46,1
40,High,Storm,Van,16,134,90,1
8,Medium,Clear,Truck,18,49,26,1
39,High,Storm,Bike,5,132,88,1
40,Medium,Clear,Truck,2,95,90,1
14,High,Rain,Bike,23,58,38,1
32,High,Rain,Bike,4,102,74,1
38,High,Rain,Bike,1,111,86,1
33,Low,Storm,Van,19,109,76,1
23,High,Clear,Truck,3,69,56,1
15,Low,Rain,Truck,9,57,40,1
33,Medium,Clear,Truck,9,97,76,1
25,High,Rain,Bike,23,82,60,1
17,Medium,Storm,Van,20,70,44,1
33,Medium,Storm,Bike,10,110,76,1
47,High,Clear,Truck,15,121,104,1
2,Low,Storm,Van,16,32,14,1
14,High,Storm,Van,15,80,38,1
40,Medium,Clear,Van,6,90,90,0
40,Medium,Rain,Truck,15,104,90,1
39,High,Storm,Van,2,131,88,1
6,Low,Clear,Van,15,12,22,0
6,Low,Storm,Bike,7,55,22,1
3,Medium,Storm,Bike,11,46,16,1
7,Medium,Storm,Van,2,58,24,1
8,Low,Storm,Van,16,48,26,1
42,High,Clear,Bike,20,106,94,1
15,Medium,Clear,Bike,17,59,40,1
47,Low,Clear,Bike,10,100,104,0
29,Medium,Storm,Truck,3,93,68,1
33,High,Storm,Truck,15,117,76,1
30,Low,Storm,Bike,16,92,70,1
39,Medium,Clear,Van,8,110,88,1
27,High,Storm,Bike,5,107,64,1
36,Medium,Rain,Truck,23,97,82,1
29,High,Storm,Van,19,123,68,1
38,High,Rain,Truck,1,107,86,1
33,Low,Storm,Van,8,108,76,1
37,High,Clear,Truck,20,97,84,1
27,Medium,Storm,Van,5,92,64,1
33,High,Rain,Van,2,103,76,1
4,High,Rain,Van,19,53,18,1
22,Low,Storm,Van,5,78,54,1
2,High,Rain,Truck,6,37,14,1
10,High,Rain,Truck,0,53,30,1
5,Medium,Clear,Van,22,20,20,0
10,Low,Storm,Van,0,47,30,1
33,Low,Storm,Truck,4,95,76,1
38,Low,Storm,Van,5,106,86,1
13,High,Rain,Van,12,64,36,1
31,Low,Storm,Van,1,95,72,1
47,High,Storm,Bike,14,147,104,1
36,High,Clear,Van,14,92,82,1
45,Medium,Clear,Bike,12,108,100,1
24,Medium,Clear,Van,13,65,58,1
15,Medium,Rain,Truck,21,51,40,1
29,Medium,Storm,Bike,6,93,68,1
8,Medium,Clear,Bike,13,26,26,0
5,High,Clear,Van,23,35,20,1
29,High,Clear,Van,9,101,68,1
47,Low,Storm,Bike,16,125,104,1
4,High,Storm,Truck,13,57,18,1
12,High,Storm,Truck,7,85,34,1
45,Medium,Rain,Van,3,110,100,1
2,High,Rain,Truck,15,35,14,1
27,Medium,Clear,Truck,23,64,64,0
31,Low,Storm,Van,12,89,72,1
36,Low,Clear,Truck,21,77,82,0
36,High,Storm,Van,19,139,82,1
26,Low,Storm,Bike,17,94,62,1
43,High,Storm,Van,13,140,96,1
27,Low,Rain,Bike,17,87,64,1
5,Medium,Rain,Bike,4,39,20,1
20,Medium,Storm,Truck,8,94,50,1
11,Medium,Clear,Truck,2,38,32,1
10,Medium,Storm,Truck,7,77,30,1
40,High,Storm,Van,19,142,90,1
38,Low,Clear,Truck,21,77,86,0
6,High,Storm,Bike,9,73,22,1
8,Medium,Clear,Truck,21,30,26,1
23,High,Rain,Truck,18,91,56,1
47,Low,Rain,Van,20,105,104,1
26,High,Clear,Van,2,80,62,1
46,Low,Rain,Bike,10,108,102,1
43,High,Rain,Van,10,121,96,1
12,Low,Clear,Truck,16,32,34,0
26,Low,Rain,Van,15,68,62,1
13,Medium,Storm,Bike,6,65,36,1
40,Low,Storm,Truck,3,113,90,1
18,Medium,Clear,Bike,22,51,46,1
25,Medium,Rain,Van,18,90,60,1
33,Medium,Storm,Van,11,104,76,1
47,High,Storm,Bike,14,139,104,1
40,High,Rain,Truck,10,114,90,1
43,High,Rain,Van,4,124,96,1
12,High,Storm,Van,4,76,34,1
44,Low,Storm,Truck,14,120,98,1
36,Low,Clear,Van,17,91,82,1
48,High,Clear,Bike,10,124,106,1
4,Low,Storm,Van,11,35,18,1
5,Low,Clear,Van,1,12,20,0
37,Medium,Storm,Truck,19,124,84,1
8,Medium,Storm,Bike,14,59,26,1
42,Medium,Clear,Truck,19,114,94,1
49,Medium,Clear,Van,3,109,108,1
28,Low,Rain,Van,21,73,66,1
31,High,Rain,Truck,17,115,72,1
9,Low,Rain,Truck,5,36,28,1
29,Low,Storm,Truck,22,84,68,1
14,Low,Clear,Bike,18,44,38,1
40,Medium,Storm,Van,10,121,90,1
41,Medium,Clear,Truck,23,95,92,1
22,Medium,Storm,Van,1,79,54,1
11,High,Rain,Bike,7,74,32,1
23,Low,Rain,Bike,10,57,56,1
1,High,Rain,Bike,4,34,12,1
46,Medium,Storm,Bike,17,146,102,1
37,High,Clear,Van,22,96,84,1
21,Low,Clear,Bike,17,63,52,1
26,Low,Rain,Bike,13,68,62,1
46,Medium,Rain,Truck,21,113,102,1
36,Medium,Rain,Bike,9,113,82,1
23,High,Rain,Truck,2,81,56,1
1,Medium,Clear,Bike,8,36,12,1
40,Medium,Storm,Bike,2,123,90,1
15,Low,Storm,Truck,10,63,40,1
21,Medium,Storm,Bike,11,78,52,1
47,Medium,Storm,Van,11,135,104,1
9,Low,Rain,Van,2,32,28,1
9,Low,Rain,Bike,20,33,28,1
10,High,Rain,Van,6,50,30,1
26,Medium,Storm,Truck,13,93,62,1
41,Low,Rain,Bike,23,97,92,1
35,High,Rain,Bike,10,103,80,1
25,High,Clear,Truck,6,70,60,1
26,Medium,Clear,Truck,20,70,62,1
11,Medium,Rain,Truck,9,60,32,1
38,High,Clear,Bike,10,97,86,1
2,Low,Clear,Truck,14,11,14,0
7,High,Rain,Truck,18,60,24,1
18,Medium,Rain,Van,15,60,46,1
27,Low,Rain,Van,21,69,64,1
34,Low,Rain,Bike,20,85,78,1
27,High,Storm,Van,19,114,64,1
17,Medium,Storm,Van,11,69,44,1
43,High,Rain,Truck,17,134,96,1
44,High,Clear,Truck,22,112,98,1
24,High,Rain,Van,12,86,58,1
25,Low,Rain,Van,4,66,60,1
7,Low,Clear,Van,3,20,24,0
6,Medium,Storm,Bike,13,54,22,1
24,Medium,Rain,Bike,7,87,58,1
33,High,Rain,Bike,8,115,76,1
49,High,Storm,Van,18,158,108,1
29,High,Storm,Van,2,111,68,1
43,Medium,Clear,Bike,4,101,96,1
22,Low,Storm,Bike,20,77,54,1
26,Low,Storm,Van,17,94,62,1
28,High,Storm,Truck,0,105,66,1
21,High,Clear,Bike,7,78,52,1
49,High,Storm,Van,18,167,108,1
7,High,Storm,Van,16,63,24,1
17,Medium,Clear,Truck,16,51,44,1
20,Low,Storm,Van,10,66,50,1
41,High,Storm,Van,1,134,92,1
49,Medium,Clear,Bike,5,111,108,1
20,High,Rain,Bike,21,79,50,1
22,High,Clear,Truck,13,73,54,1
28,Low,Storm,Truck,2,81,66,1
40,High,Storm,Van,11,129,90,1
49,Low,Storm,Bike,3,123,108,1
7,Low,Clear,Truck,11,20,24,0
1,Low,Storm,Truck,12,34,12,1
32,Medium,Storm,Truck,1,101,74,1
13,Medium,Clear,Van,1,38,36,1
30,Low,Rain,Bike,14,76,70,1
23,High,Rain,Truck,22,79,56,1
19,Low,Storm,Bike,16,65,48,1
32,High,Clear,Truck,6,91,74,1
30,Low,Storm,Truck,13,87,70,1
29,High,Clear,Bike,11,84,68,1
49,Medium,Clear,Bike,16,109,108,1
45,High,Rain,Bike,13,120,100,1
29,Low,Rain,Van,5,73,68,1
30,Medium,Clear,Truck,18,92,70,1
16,High,Storm,Van,23,77,42,1
40,High,Rain,Bike,5,119,90,1
19,High,Storm,Truck,17,106,48,1
18,High,Rain,Van,23,68,46,1
1,High,Rain,Truck,4,34,12,1
14,Medium,Storm,Van,23,66,38,1
47,Medium,Rain,Bike,23,114,104,1
2,Medium,Rain,Van,5,32,14,1
28,Medium,Storm,Truck,1,93,66,1
49,Low,Rain,Truck,7,132,108,1
30,Medium,Rain,Truck,14,83,70,1
38,High,Rain,Truck,14,106,86,1
4,High,Storm,Bike,10,56,18,1
1,Medium,Clear,Van,21,12,12,0
8,High,Storm,Bike,21,65,26,1
29,Medium,Clear,Bike,23,72,68,1
39,High,Rain,Bike,0,114,88,1
3,Low,Clear,Truck,17,28,16,1
32,Low,Storm,Truck,11,92,74,1
10,Medium,Storm,Truck,11,61,30,1
10,Medium,Rain,Van,10,43,30,1
19,Medium,Clear,Truck,7,65,48,1
46,High,Rain,Van,6,127,102,1
34,Medium,Rain,Truck,22,91,78,1
33,Low,Storm,Truck,20,93,76,1
23,High,Clear,Bike,1,74,56,1
28,Medium,Clear,Bike,10,70,66,1
32,High,Clear,Bike,21,90,74,1
7,High,Clear,Van,9,54,24,1
29,Medium,Rain,Van,2,87,68,1
8,High,Rain,Truck,19,65,26,1
1,Low,Storm,Van,9,48,12,1
3,Low,Rain,Truck,17,36,16,1
24,High,Rain,Van,13,87,58,1
23,Medium,Storm,Van,17,97,56,1
8,High,Storm,Van,23,63,26,1
47,Low,Storm,Bike,7,135,104,1
37,High,Rain,Van,9,121,84,1
3,High,Rain,Bike,21,36,16,1
33,Low,Storm,Bike,12,98,76,1
28,High,Storm,Van,20,106,66,1
47,High,Storm,Truck,7,155,104,1
8,Medium,Rain,Truck,3,43,26,1
34,Medium,Rain,Truck,3,93,78,1
35,Low,Clear,Van,4,76,80,0
32,Low,Rain,Truck,0,74,74,0
24,Low,Rain,Bike,16,64,58,1
14,Medium,Rain,Truck,1,50,38,1
32,Low,Storm,Van,7,111,74,1
46,Low,Rain,Truck,6,107,102,1
43,Low,Storm,Bike,14,114,96,1
16,Medium,Clear,Van,4,49,42,1
4,High,Clear,Truck,1,36,18,1
37,Low,Storm,Van,6,108,84,1
21,High,Storm,Van,7,103,52,1
14,Low,Storm,Van,6,58,38,1
31,High,Rain,Truck,6,96,72,1
48,Medium,Clear,Van,13,110,106,1
18,Medium,Storm,Truck,20,80,46,1
7,Low,Rain,Bike,17,41,24,1
10,High,Clear,Truck,5,47,30,1
7,Medium,Rain,Bike,3,41,24,1
33,Low,Clear,Truck,9,85,76,1
23,Low,Rain,Van,17,78,56,1
21,Medium,Clear,Truck,11,61,52,1
19,Medium,Clear,Van,15,55,48,1
48,Low,Rain,Bike,6,108,106,1
19,High,Storm,Truck,5,84,48,1
36,High,Clear,Van,4,100,82,1
29,High,Storm,Bike,2,104,68,1
18,Low,Rain,Bike,11,54,46,1
2,Medium,Storm,Truck,14,42,14,1
1,Low,Storm,Bike,9,43,12,1
47,Medium,Storm,Van,19,153,104,1
5,High,Storm,Bike,18,70,20,1
20,High,Storm,Bike,15,88,50,1
11,Medium,Clear,Van,10,40,32,1
42,Medium,Clear,Bike,7,117,94,1
2,Low,Clear,Bike,2,7,14,0
3,High,Rain,Bike,22,44,16,1
23,Low,Storm,Bike,6,76,56,1
12,Low,Clear,Van,22,24,34,0
20,Low,Rain,Bike,6,59,50,1
5,High,Clear,Van,13,35,20,1
37,Low,Clear,Bike,1,82,84,0
38,Low,Storm,Bike,9,117,86,1
30,Low,Rain,Bike,18,90,70,1
9,Low,Storm,Bike,8,59,28,1
34,Low,Storm,Van,15,96,78,1
44,Low,Clear,Van,18,110,98,1
35,High,Storm,Van,17,136,80,1
22,Low,Rain,Truck,8,77,54,1
44,Medium,Storm,Bike,15,129,98,1
24,Low,Storm,Bike,12,73,58,1
17,Low,Storm,Van,9,75,44,1
10,High,Clear,Truck,19,60,30,1
30,High,Rain,Bike,13,96,70,1
46,Medium,Clear,Van,11,104,102,1
23,Medium,Clear,Bike,18,79,56,1
32,High,Clear,Bike,6,90,74,1
17,High,Clear,Van,22,59,44,1
17,Low,Clear,Van,14,39,44,0
14,High,Rain,Bike,15,58,38,1
9,Medium,Storm,Bike,7,72,28,1
40,Low,Clear,Van,9,104,90,1
2,Medium,Clear,Bike,3,16,14,1
45,Low,Rain,Bike,18,121,100,1
25,High,Rain,Van,18,104,60,1
39,Medium,Storm,Bike,20,115,88,1
9,Low,Rain,Bike,14,32,28,1
22,Low,Storm,Truck,13,75,54,1
43,High,Clear,Van,0,108,96,1
46,High,Clear,Truck,15,121,102,1
4,High,Storm,Truck,9,69,18,1
26,Medium,Rain,Truck,18,92,62,1
29,Low,Storm,Bike,21,90,68,1
45,High,Rain,Bike,2,123,100,1
34,Medium,Clear,Truck,4,86,78,1
23,Medium,Rain,Truck,8,88,56,1
37,Medium,Storm,Truck,17,130,84,1
11,High,Storm,Bike,10,73,32,1
6,High,Clear,Truck,15,34,22,1
18,Low,Rain,Truck,1,51,46,1
21,Low,Rain,Van,11,56,52,1
42,High,Rain,Van,21,114,94,1
36,Medium,Clear,Bike,5,84,82,1
41,Medium,Rain,Van,10,102,92,1
38,Medium,Storm,Van,7,129,86,1
34,Low,Rain,Van,11,87,78,1
17,Medium,Clear,Bike,1,46,44,1
37,Low,Rain,Van,8,102,84,1
25,Low,Rain,Bike,14,68,60,1
38,Medium,Storm,Truck,1,113,86,1
12,Medium,Rain,Van,0,49,34,1
23,High,Storm,Bike,9,111,56,1
42,High,Storm,Van,1,135,94,1
22,Medium,Clear,Truck,11,62,54,1
21,Low,Storm,Bike,22,73,52,1
27,Low,Storm,Bike,7,94,64,1
31,Low,Clear,Bike,4,69,72,0
6,Low,Storm,Truck,21,41,22,1
27,Low,Clear,Truck,0,62,64,0
40,High,Rain,Truck,14,119,90,1
34,Medium,Clear,Bike,5,82,78,1
12,High,Storm,Truck,11,73,34,1
45,Low,Clear,Van,7,106,100,1
7,Low,Storm,Truck,12,41,24,1
10,Low,Rain,Bike,18,54,30,1
45,Low,Clear,Van,0,98,100,0
17,Medium,Rain,Truck,10,60,44,1
26,Low,Storm,Van,19,92,62,1
21,Medium,Storm,Van,0,79,52,1
28,Low,Rain,Bike,7,82,66,1
46,Medium,Clear,Van,4,102,102,0
2,High,Clear,Van,16,32,14,1
43,Low,Storm,Bike,7,133,96,1
1,Medium,Rain,Bike,9,41,12,1
36,High,Rain,Bike,1,103,82,1
26,Low,Clear,Van,8,67,62,1
29,Low,Clear,Van,23,64,68,0
21,Low,Clear,Van,22,43,52,0
11,Medium,Rain,Bike,2,42,32,1
40,Medium,Clear,Truck,17,106,90,1
11,High,Clear,Van,6,48,32,1
36,Medium,Storm,Truck,14,113,82,1
49,Medium,Clear,Bike,20,117,108,1
39,Low,Clear,Van,21,83,88,0
40,Low,Rain,Truck,19,109,90,1
35,Low,Rain,Van,17,97,80,1
34,Low,Storm,Van,2,95,78,1
47,Low,Clear,Van,22,102,104,0
24,Low,Storm,Truck,13,76,58,1
22,Low,Rain,Bike,23,62,54,1
5,High,Storm,Van,1,58,20,1
33,High,Rain,Bike,13,97,76,1
36,High,Storm,Bike,21,120,82,1
47,High,Storm,Truck,10,144,104,1
20,Low,Clear,Truck,15,45,50,0
19,High,Storm,Bike,7,102,48,1
35,Low,Clear,Van,6,70,80,0
43,High,Clear,Truck,10,108,96,1
17,Medium,Clear,Van,2,48,44,1
45,High,Clear,Van,16,115,100,1
43,High,Storm,Van,13,131,96,1
34,Low,Rain,Bike,5,86,78,1
9,High,Rain,Van,7,65,28,1
26,Medium,Rain,Bike,21,81,62,1
2,Low,Storm,Bike,4,31,14,1
9,Low,Clear,Van,7,34,28,1
9,High,Rain,Van,1,55,28,1
40,Low,Storm,Van,14,107,90,1
17,Low,Clear,Van,11,39,44,0
1,Low,Rain,Bike,16,13,12,1
25,Low,Clear,Van,0,56,60,0
43,Low,Rain,Van,14,99,96,1
40,Low,Rain,Bike,13,98,90,1
42,Medium,Rain,Truck,19,128,94,1
25,High,Clear,Truck,21,78,60,1
39,Medium,Storm,Bike,15,119,88,1
35,Low,Clear,Truck,8,92,80,1
3,Low,Rain,Bike,0,18,16,1
37,High,Clear,Van,16,98,84,1
44,Medium,Storm,Van,12,124,98,1
44,High,Clear,Truck,20,117,98,1
30,Medium,Storm,Van,20,101,70,1
38,Low,Storm,Truck,4,108,86,1
34,High,Clear,Truck,9,111,78,1
12,High,Rain,Van,5,60,34,1
19,Low,Storm,Van,23,72,48,1
37,High,Clear,Truck,18,118,84,1
44,Medium,Storm,Van,12,130,98,1
49,Medium,Rain,Bike,0,126,108,1
17,Medium,Clear,Van,19,64,44,1
10,Medium,Clear,Van,14,39,30,1
49,Low,Clear,Bike,13,99,108,0
47,High,Rain,Van,7,140,104,1
12,Medium,Storm,Van,9,77,34,1
16,Low,Clear,Truck,8,55,42,1
24,High,Storm,Van,16,99,58,1
19,High,Storm,Van,8,99,48,1
8,Low,Rain,Bike,2,33,26,1
31,Low,Clear,Truck,10,68,72,0
21,Medium,Storm,Truck,11,85,52,1
17,High,Clear,Truck,9,76,44,1
23,High,Clear,Van,16,68,56,1
37,Low,Rain,Truck,16,84,84,0
16,High,Clear,Bike,10,53,42,1
6,Medium,Clear,Truck,21,23,22,1
8,High,Storm,Bike,3,64,26,1
25,Low,Rain,Truck,6,65,60,1
18,Low,Clear,Truck,20,39,46,0
25,Medium,Storm,Bike,13,93,60,1
12,Medium,Rain,Truck,6,47,34,1
15,High,Rain,Truck,23,65,40,1
26,High,Storm,Truck,7,117,62,1
41,Low,Storm,Van,0,116,92,1
45,Medium,Storm,Bike,23,134,100,1
26,Medium,Storm,Truck,21,87,62,1
47,Medium,Storm,Bike,3,136,104,1
32,High,Clear,Bike,11,86,74,1
10,Medium,Clear,Bike,23,35,30,1
16,Low,Rain,Truck,2,44,42,1
7,Low,Clear,Truck,12,15,24,0
17,High,Clear,Bike,19,73,44,1
23,High,Clear,Van,5,66,56,1
26,Medium,Storm,Bike,10,95,62,1
21,High,Rain,Van,22,78,52,1
22,Low,Rain,Bike,3,56,54,1
7,Medium,Rain,Bike,19,52,24,1
14,Low,Rain,Bike,15,43,38,1
15,Medium,Clear,Truck,6,42,40,1
7,High,Clear,Van,21,40,24,1
9,Medium,Storm,Van,10,58,28,1
48,Medium,Rain,Bike,23,124,106,1
8,Low,Clear,Truck,0,20,26,0
23,Low,Clear,Truck,6,49,56,0
29,Medium,Storm,Van,11,95,68,1
18,High,Storm,Truck,6,90,46,1
31,High,Storm,Van,22,107,72,1
30,Low,Clear,Van,6,62,70,0
39,High,Clear,Van,9,115,88,1
35,Low,Storm,Truck,15,101,80,1
18,High,Rain,Van,7,87,46,1
42,Medium,Storm,Van,8,134,94,1
39,Low,Storm,Bike,8,120,88,1
17,Low,Storm,Van,1,66,44,1
14,Medium,Storm,Van,12,71,38,1
31,Low,Clear,Bike,12,68,72,0
24,High,Rain,Bike,22,84,58,1
35,High,Storm,Truck,22,122,80,1
44,Low,Rain,Van,3,103,98,1
45,High,Rain,Truck,23,122,100,1
34,Low,Rain,Truck,11,78,78,0
3,Medium,Storm,Bike,16,47,16,1
37,Low,Clear,Truck,1,74,84,0
43,Medium,Storm,Van,12,121,96,1
40,High,Rain,Bike,17,133,90,1
26,Medium,Rain,Van,14,81,62,1
23,High,Clear,Van,7,87,56,1
44,Low,Storm,Bike,14,116,98,1
39,High,Rain,Van,0,113,88,1
15,Low,Clear,Bike,19,45,40,1
49,Low,Rain,Van,9,129,108,1
4,Medium,Clear,Bike,11,23,18,1
29,Medium,Clear,Truck,4,71,68,1
22,Medium,Storm,Van,8,100,54,1
25,Medium,Rain,Bike,22,72,60,1
13,High,Storm,Van,7,86,36,1
18,High,Rain,Van,15,69,46,1
33,High,Storm,Van,13,113,76,1
16,Low,Rain,Bike,12,42,42,0
45,High,Storm,Truck,22,136,100,1
42,High,Clear,Truck,20,108,94,1
44,High,Rain,Truck,12,125,98,1
2,Medium,Rain,Bike,4,24,14,1
35,High,Clear,Truck,15,93,80,1
42,Low,Storm,Bike,10,112,94,1
34,Medium,Rain,Van,21,92,78,1
30,Low,Rain,Van,4,76,70,1
13,High,Storm,Truck,12,78,36,1
13,Medium,Clear,Bike,10,41,36,1
18,Low,Storm,Van,18,76,46,1
32,High,Storm,Bike,2,115,74,1
32,Low,Storm,Bike,14,91,74,1
35,Low,Rain,Van,6,85,80,1
39,Low,Clear,Bike,6,85,88,0
46,High,Clear,Van,5,118,102,1
29,High,Storm,Van,2,112,68,1
49,Low,Rain,Van,12,113,108,1
29,Medium,Storm,Bike,6,101,68,1
44,Medium,Rain,Van,4,116,98,1
16,High,Rain,Bike,22,62,42,1
44,High,Rain,Van,17,133,98,1
47,High,Rain,Van,21,124,104,1
10,High,Clear,Truck,7,62,30,1
30,High,Rain,Truck,16,99,70,1
25,Medium,Rain,Truck,19,91,60,1
39,High,Storm,Bike,0,125,88,1
20,Low,Storm,Bike,13,66,50,1
5,Low,Clear,Van,16,13,20,0
1,Medium,Storm,Van,9,54,12,1
30,Low,Rain,Van,11,76,70,1
49,Medium,Storm,Van,15,142,108,1
3,Medium,Clear,Bike,13,23,16,1
45,Low,Storm,Van,15,120,100,1
14,High,Storm,Van,7,90,38,1
30,Low,Clear,Truck,22,65,70,0
4,Low,Clear,Van,9,24,18,1
18,Medium,Rain,Van,16,62,46,1
37,Low,Storm,Van,17,123,84,1
25,Medium,Rain,Bike,19,91,60,1
48,High,Storm,Truck,15,144,106,1
1,High,Storm,Van,16,54,12,1
46,High,Rain,Van,15,125,102,1
15,Low,Storm,Truck,18,76,40,1
9,Medium,Storm,Van,23,56,28,1
15,High,Storm,Bike,23,79,40,1
49,Medium,Clear,Van,7,129,108,1
24,Medium,Rain,Bike,5,77,58,1
4,High,Clear,Bike,5,30,18,1
12,High,Rain,Van,20,63,34,1
37,Medium,Rain,Truck,8,113,84,1
37,High,Storm,Bike,3,121,84,1
43,Medium,Rain,Truck,11,110,96,1
6,Medium,Clear,Van,11,24,22,1
39,High,Clear,Bike,22,107,88,1
46,Low,Clear,Van,16,98,102,0
24,High,Rain,Truck,14,78,58,1
11,Low,Clear,Van,8,45,32,1
13,Medium,Rain,Van,6,54,36,1
34,Medium,Clear,Bike,9,97,78,1
25,Low,Clear,Van,15,58,60,0
7,Medium,Rain,Van,11,43,24,1
4,Low,Clear,Van,6,13,18,0
8,Low,Storm,Bike,17,60,26,1
20,Medium,Rain,Truck,14,62,50,1
29,Low,Rain,Truck,5,75,68,1
45,High,Rain,Van,11,123,100,1
46,High,Storm,Bike,10,146,102,1
10,Medium,Rain,Van,19,57,30,1
43,Medium,Clear,Truck,2,101,96,1
34,Low,Clear,Bike,1,75,78,0
26,Low,Clear,Truck,5,60,62,0
41,Low,Rain,Truck,23,97,92,1
49,Low,Clear,Bike,21,102,108,0
3,High,Rain,Bike,4,37,16,1
6,High,Clear,Van,17,48,22,1
5,Medium,Storm,Van,15,53,20,1
5,Low,Storm,Truck,7,51,20,1
47,Low,Storm,Bike,19,135,104,1
23,Medium,Storm,Bike,21,83,56,1
49,Low,Rain,Van,10,110,108,1
9,Low,Clear,Truck,9,36,28,1
35,Low,Storm,Truck,23,101,80,1
20,Low,Rain,Van,11,58,50,1
49,Low,Storm,Bike,20,124,108,1
42,Medium,Storm,Van,5,122,94,1
35,Low,Rain,Van,19,103,80,1
18,Medium,Rain,Van,4,57,46,1
17,Low,Clear,Van,22,43,44,0
24,High,Clear,Bike,8,83,58,1
3,High,Storm,Van,15,60,16,1
32,High,Storm,Bike,21,116,74,1
35,High,Clear,Van,13,98,80,1
38,Medium,Clear,Truck,21,92,86,1
13,Medium,Rain,Bike,7,68,36,1
47,Low,Clear,Truck,19,112,104,1
25,High,Clear,Van,18,88,60,1
9,Medium,Storm,Van,13,54,28,1
4,Low,Clear,Van,6,15,18,0
14,Low,Storm,Bike,4,54,38,1
37,Medium,Clear,Truck,17,107,84,1
34,High,Rain,Bike,1,101,78,1
11,Low,Clear,Bike,10,22,32,0
41,High,Clear,Van,21,105,92,1
3,High,Clear,Truck,7,43,16,1
28,High,Storm,Van,0,106,66,1
29,Low,Rain,Bike,21,74,68,1
9,High,Clear,Van,11,45,28,1
3,Low,Storm,Truck,1,32,16,1
25,High,Rain,Van,17,100,60,1
34,Low,Storm,Truck,6,98,78,1
12,High,Storm,Truck,16,78,34,1
42,Medium,Rain,Van,21,108,94,1
9,High,Clear,Bike,22,47,28,1
15,High,Storm,Van,13,84,40,1
40,Low,Storm,Bike,23,111,90,1
25,Low,Clear,Bike,6,52,60,0
5,High,Clear,Van,21,33,20,1
11,Medium,Rain,Bike,2,51,32,1
34,Medium,Rain,Bike,5,96,78,1
24,Low,Rain,Van,19,76,58,1
15,Medium,Clear,Van,1,42,40,1
38,High,Storm,Van,16,122,86,1
8,Low,Storm,Bike,11,45,26,1
5,High,Rain,Truck,11,43,20,1
48,Low,Clear,Bike,16,103,106,0
26,Low,Storm,Truck,9,98,62,1
18,Low,Rain,Van,2,51,46,1
6,Low,Storm,Truck,19,53,22,1
37,Medium,Storm,Van,17,126,84,1
48,High,Clear,Van,12,125,106,1
13,High,Clear,Truck,11,54,36,1
28,High,Storm,Van,16,109,66,1
5,Low,Rain,Truck,3,24,20,1
13,Medium,Clear,Van,22,38,36,1
17,High,Storm,Bike,9,95,44,1
40,Medium,Clear,Bike,10,97,90,1
45,Low,Clear,Van,5,95,100,0
32,High,Clear,Van,5,93,74,1
29,Medium,Storm,Truck,8,114,68,1
3,Low,Rain,Bike,14,16,16,0
40,Medium,Rain,Truck,1,100,90,1
34,High,Rain,Van,3,107,78,1
40,High,Clear,Van,4,101,90,1
27,Low,Storm,Truck,16,88,64,1
13,Low,Clear,Van,7,43,36,1
45,Low,Rain,Bike,7,115,100,1
33,Medium,Rain,Truck,21,90,76,1
6,Medium,Storm,Bike,11,49,22,1
24,Medium,Clear,Bike,20,58,58,0
19,Low,Rain,Bike,7,70,48,1
16,High,Storm,Truck,18,97,42,1
40,High,Clear,Van,2,108,90,1
28,Medium,Clear,Bike,17,83,66,1
33,Medium,Rain,Bike,20,94,76,1
48,High,Rain,Bike,18,149,106,1
41,High,Clear,Van,18,117,92,1
13,Medium,Clear,Van,14,38,36,1
43,Medium,Rain,Truck,5,111,96,1
45,High,Clear,Van,15,117,100,1
25,Low,Rain,Truck,7,78,60,1
42,Medium,Clear,Truck,15,98,94,1
36,High,Rain,Truck,17,125,82,1
27,High,Storm,Truck,19,119,64,1
38,High,Rain,Truck,15,112,86,1
7,High,Rain,Bike,10,50,24,1
5,Low,Storm,Van,6,38,20,1
43,High,Clear,Bike,16,109,96,1
45,Medium,Storm,Truck,16,128,100,1
31,Low,Rain,Van,11,76,72,1
23,High,Clear,Bike,12,70,56,1
42,Low,Storm,Bike,9,131,94,1
10,Medium,Clear,Truck,6,38,30,1
32,High,Clear,Bike,13,85,74,1
43,Medium,Storm,Bike,22,127,96,1
30,High,Clear,Bike,0,80,70,1
39,High,Storm,Bike,16,123,88,1
31,High,Rain,Bike,3,95,72,1
18,High,Clear,Truck,20,65,46,1
36,High,Rain,Truck,4,108,82,1
2,Low,Rain,Bike,19,30,14,1
14,High,Clear,Truck,23,49,38,1
13,High,Storm,Truck,22,71,36,1
29,Low,Clear,Van,6,67,68,0
12,Low,Rain,Bike,9,50,34,1
39,Low,Rain,Truck,16,94,88,1
2,Low,Storm,Truck,6,37,14,1
32,Low,Clear,Bike,0,69,74,0
13,Low,Rain,Van,6,45,36,1
46,High,Rain,Bike,23,123,102,1
27,High,Rain,Van,10,93,64,1
49,Medium,Storm,Bike,8,157,108,1
41,High,Rain,Bike,11,120,92,1
17,High,Rain,Bike,2,70,44,1
40,Low,Clear,Bike,3,80,90,0
31,Low,Clear,Van,3,70,72,0
34,High,Rain,Van,12,99,78,1
24,Medium,Rain,Truck,22,71,58,1
45,Low,Clear,Bike,18,113,100,1
35,High,Storm,Van,9,133,80,1
48,High,Storm,Van,4,143,106,1
6,Medium,Storm,Van,6,47,22,1
19,Medium,Storm,Bike,23,79,48,1
30,Low,Storm,Truck,15,90,70,1
7,Medium,Storm,Van,0,58,24,1
10,High,Storm,Bike,11,68,30,1
41,High,Storm,Van,1,132,92,1
32,Medium,Clear,Van,6,79,74,1
34,Medium,Storm,Truck,10,106,78,1
28,Medium,Storm,Van,12,96,66,1
15,Medium,Storm,Van,1,74,40,1
30,Low,Rain,Bike,6,77,70,1
37,Medium,Clear,Bike,14,86,84,1
29,Low,Clear,Truck,10,61,68,0
22,High,Clear,Bike,1,73,54,1
4,Medium,Storm,Bike,6,43,18,1
20,Low,Storm,Truck,3,68,50,1
32,Medium,Rain,Van,10,93,74,1
36,High,Clear,Truck,1,101,82,1
4,High,Storm,Bike,15,61,18,1
27,High,Clear,Truck,6,81,64,1
17,Medium,Rain,Van,12,57,44,1
12,Medium,Rain,Truck,4,50,34,1
22,Low,Rain,Bike,16,63,54,1
17,High,Clear,Bike,20,56,44,1
10,Medium,Storm,Truck,11,63,30,1
1,High,Storm,Van,18,71,12,1
22,High,Rain,Truck,6,77,54,1
26,Low,Storm,Van,5,78,62,1
18,Low,Rain,Van,7,70,46,1
14,Low,Clear,Truck,12,32,38,0
47,Low,Rain,Van,4,105,104,1
29,High,Clear,Bike,1,87,68,1
12,Low,Rain,Truck,8,54,34,1
36,Low,Storm,Van,10,106,82,1
35,Low,Storm,Bike,23,95,80,1
12,Low,Rain,Truck,5,39,34,1
7,High,Storm,Bike,6,62,24,1
29,Low,Storm,Bike,6,85,68,1
11,High,Storm,Bike,18,83,32,1
33,Medium,Clear,Van,5,82,76,1
6,High,Storm,Truck,10,65,22,1
47,High,Clear,Truck,10,116,104,1
15,Low,Rain,Van,6,45,40,1
32,Medium,Storm,Truck,1,107,74,1
11,Medium,Storm,Bike,18,73,32,1
23,Medium,Storm,Truck,3,87,56,1
26,Medium,Rain,Van,5,76,62,1
34,High,Clear,Bike,16,92,78,1
46,Medium,Clear,Van,4,108,102,1
34,High,Storm,Bike,6,121,78,1
29,High,Rain,Bike,8,106,68,1
4,High,Rain,Truck,0,46,18,1
17,Medium,Rain,Bike,0,63,44,1
35,Low,Rain,Van,18,103,80,1
13,Low,Rain,Truck,5,39,36,1
41,Medium,Clear,Van,17,109,92,1
39,Low,Clear,Bike,9,94,88,1
15,Low,Clear,Van,10,38,40,0
29,High,Storm,Van,0,104,68,1
29,High,Rain,Bike,0,93,68,1
11,Medium,Storm,Truck,12,61,32,1
32,Medium,Rain,Van,4,88,74,1
2,Low,Clear,Bike,19,22,14,1
47,High,Storm,Truck,0,144,104,1
14,Medium,Clear,Truck,19,57,38,1
20,Medium,Rain,Truck,2,63,50,1
22,Medium,Rain,Van,17,87,54,1
11,Medium,Rain,Van,8,62,32,1
27,Medium,Clear,Van,13,73,64,1
3,Medium,Rain,Truck,16,35,16,1
17,Low,Clear,Van,22,43,44,0
44,High,Storm,Bike,13,135,98,1
28,High,Rain,Van,3,95,66,1
29,Medium,Rain,Van,4,83,68,1
21,High,Rain,Truck,20,72,52,1
47,High,Storm,Van,16,143,104,1
16,High,Rain,Bike,21,71,42,1
37,Medium,Clear,Truck,1,89,84,1
20,Medium,Clear,Bike,22,57,50,1
6,High,Rain,Truck,21,50,22,1
19,High,Rain,Truck,4,70,48,1
5,Medium,Storm,Van,3,46,20,1
3,Low,Storm,Bike,3,34,16,1
1,High,Storm,Truck,5,54,12,1
38,Low,Rain,Van,19,108,86,1
15,High,Storm,Truck,20,77,40,1
34,Low,Storm,Truck,12,96,78,1
35,Low,Clear,Truck,21,72,80,0
49,Low,Storm,Truck,4,132,108,1
25,Medium,Clear,Truck,22,61,60,1
24,Low,Clear,Truck,22,51,58,0
12,Low,Storm,Van,6,54,34,1
18,Low,Clear,Truck,19,55,46,1
15,High,Rain,Bike,0,62,40,1
44,Low,Rain,Van,13,99,98,1
16,High,Storm,Bike,23,85,42,1
27,Low,Rain,Truck,3,64,64,0
8,Low,Clear,Bike,16,24,26,0
46,Medium,Rain,Truck,20,112,102,1
25,High,Storm,Truck,13,101,60,1
17,Low,Storm,Van,15,64,44,1
29,High,Clear,Van,13,84,68,1
8,High,Storm,Truck,15,63,26,1
15,Medium,Rain,Van,23,52,40,1
27,Medium,Storm,Bike,19,104,64,1
46,Medium,Clear,Van,7,120,102,1
7,Medium,Storm,Van,23,50,24,1
3,Medium,Rain,Bike,2,35,16,1
29,Medium,Clear,Van,18,90,68,1
44,Medium,Rain,Truck,0,110,98,1
24,Medium,Clear,Bike,1,64,58,1
3,Low,Storm,Truck,14,37,16,1
20,High,Clear,Bike,21,68,50,1
46,Medium,Clear,Truck,9,122,102,1
15,Medium,Storm,Truck,17,80,40,1
25,High,Rain,Van,21,87,60,1
30,Low,Storm,Truck,13,85,70,1
14,High,Clear,Van,16,50,38,1
7,High,Storm,Bike,12,63,24,1
17,Medium,Clear,Truck,0,51,44,1
44,High,Storm,Truck,4,141,98,1
20,High,Storm,Bike,12,91,50,1
36,Medium,Rain,Bike,13,100,82,1
9,Medium,Clear,Truck,23,30,28,1
38,Medium,Rain,Bike,2,100,86,1
48,Medium,Clear,Van,14,115,106,1
22,High,Storm,Bike,18,111,54,1
2,High,Clear,Bike,16,24,14,1
24,Low,Rain,Truck,2,65,58,1
8,Low,Rain,Van,15,32,26,1
11,High,Rain,Bike,13,52,32,1
13,Low,Clear,Van,11,35,36,0
17,High,Rain,Van,11,73,44,1
8,Low,Rain,Van,10,31,26,1
21,Medium,Rain,Truck,16,62,52,1
18,Low,Storm,Bike,7,77,46,1
30,Medium,Storm,Truck,16,99,70,1
18,Medium,Clear,Bike,20,47,46,1
46,Medium,Clear,Bike,22,111,102,1
47,Medium,Rain,Truck,19,129,104,1
31,Low,Storm,Van,10,92,72,1
38,High,Rain,Van,1,113,86,1
32,Medium,Rain,Bike,9,106,74,1
11,Low,Storm,Truck,9,69,32,1
45,Medium,Storm,Van,10,130,100,1
25,Low,Storm,Van,5,77,60,1
33,Low,Clear,Bike,3,66,76,0
38,Low,Clear,Bike,23,77,86,0
41,High,Rain,Truck,11,116,92,1
8,Low,Clear,Bike,10,25,26,0
11,Low,Storm,Van,22,51,32,1
22,High,Storm,Van,22,98,54,1
24,High,Clear,Van,12,68,58,1
41,Low,Rain,Van,4,92,92,0
17,High,Rain,Truck,5,72,44,1
12,Medium,Clear,Truck,0,35,34,1
46,Medium,Rain,Bike,5,118,102,1
32,High,Rain,Bike,17,118,74,1
15,High,Rain,Bike,21,63,40,1
16,Low,Storm,Truck,8,78,42,1
22,High,Storm,Van,23,96,54,1
28,Low,Clear,Bike,14,60,66,0
20,Medium,Storm,Van,7,90,50,1
33,High,Rain,Bike,18,114,76,1
10,Low,Storm,Bike,23,54,30,1
40,Low,Clear,Bike,15,82,90,0
32,Medium,Storm,Bike,5,108,74,1
33,High,Rain,Bike,5,100,76,1
2,Medium,Rain,Van,21,33,14,1
33,Low,Clear,Bike,2,75,76,0
33,Low,Storm,Van,9,111,76,1
41,High,Storm,Truck,0,128,92,1
13,Low,Storm,Bike,13,57,36,1
30,High,Rain,Van,3,92,70,1
33,Medium,Clear,Truck,11,76,76,0
13,High,Storm,Truck,5,80,36,1
26,High,Rain,Truck,10,84,62,1
22,Low,Rain,Van,11,62,54,1
39,Low,Rain,Bike,9,112,88,1
2,High,Storm,Bike,17,69,14,1
38,Low,Storm,Van,6,106,86,1
39,Low,Storm,Bike,6,106,88,1
26,Low,Storm,Van,10,84,62,1
46,High,Storm,Bike,3,141,102,1
15,Low,Storm,Truck,19,76,40,1
34,High,Storm,Bike,0,121,78,1
42,Low,Storm,Van,12,113,94,1
44,Medium,Storm,Van,17,142,98,1
49,Low,Rain,Truck,8,126,108,1
40,Low,Storm,Van,23,110,90,1
11,High,Clear,Bike,23,43,32,1
3,High,Rain,Bike,8,53,16,1
6,Low,Storm,Truck,22,37,22,1
9,Medium,Clear,Van,8,44,28,1
6,Low,Storm,Truck,9,53,22,1
9,Low,Clear,Bike,1,25,28,0
39,Medium,Clear,Truck,5,95,88,1
31,High,Clear,Van,14,83,72,1
32,Low,Clear,Truck,2,69,74,0
41,High,Rain,Van,10,116,92,1
12,High,Rain,Van,5,56,34,1
8,Medium,Clear,Bike,2,30,26,1
8,Medium,Storm,Bike,23,55,26,1
28,High,Clear,Bike,10,80,66,1
20,Low,Rain,Van,14,52,50,1
47,High,Storm,Truck,12,141,104,1
7,Low,Rain,Van,19,42,24,1
11,Low,Rain,Bike,9,53,32,1
20,Medium,Storm,Bike,5,76,50,1
16,Low,Clear,Truck,14,41,42,0
4,Low,Clear,Bike,17,26,18,1
6,High,Clear,Bike,17,50,22,1
22,Medium,Clear,Bike,6,54,54,0
26,Low,Storm,Truck,14,86,62,1
3,Low,Storm,Van,17,53,16,1
41,Medium,Storm,Bike,17,132,92,1
42,High,Rain,Truck,19,136,94,1
14,Medium,Storm,Bike,8,84,38,1
11,Medium,Clear,Truck,23,40,32,1
18,Low,Rain,Bike,1,53,46,1
12,Low,Clear,Truck,7,43,34,1
23,High,Clear,Bike,19,88,56,1
12,Low,Storm,Van,1,58,34,1
13,Low,Storm,Bike,10,53,36,1
